FECHA_CORTE,NOMBRE_PROYECTO,DEPARTAMENTO,PROVINCIA,DISTRITO,COSTO_TOTAL,ETAPA,AVANCE_FISICO,UBIGEO,CONTRATISTA_CONSULTOR
20230529,CONSULTORÍA DE OBRA PARA LA ELABORACIÓN DEL EXPEDIENTE TÉCNICO: OBRAS COMPLEMENTARIAS DEL PROYECTO AMPLIACIÓN Y MEJORAMIENTO DE LOS SISTEMAS DE AGUA POTABLE Y ALCANTARILLADO PARA EL 7MO 9NO Y 10MO S,DEPARTAMENTO LIMA,LIMA,VILLA EL SALVADOR,30368114.94,EXPEDIENTE TECNICO,75,150142, 
20230529,AMPLIACION DE LAS FUENTES DE AGUA PARA EL ABASTECIMIENTO DE AGUA POTABLE AL DISTRITO DE LA MOLINA Y PARTE DE LOS DISTRITOS DE SANTA ANITA Y ATE,DEPARTAMENTO LIMA,LIMA,LA MOLINA/ATE/SANTA ANITA,10147100,EXPEDIENTE TECNICO,30,150114, 
20230529,AMPLIACION Y MEJORAMIENTO DEL SISTEMA DE AGUA POTABLE Y ALCANTARILLADO PARA EL ESQUEMA SANTA ROSA Y ANCON - DISTRITOS DE SANTA ROSA Y ANCON,DEPARTAMENTO LIMA,LIMA,ANCON/SANTA ROSA,85548655.99,OBRA,85,150102,CONSORCIO BALKAN(CONFORMADO POR: RIOMA CONTRATISTAS GENERALES S.R.L / CHINA INTERNATIONAL WATER ELECTRIC CORP (PERÚ)/ CORPORACIÓN ORDOÑEZ CONTRATISTAS GENERALES S.A.C- JORGE HERNAN SALINAS DE CORDOVA - INGENIERO)
20230529,MEJORAMIENTO DE LA INFRAESTRUCTURA DEL CENTRO DE SERVICIOS DE SEDAPAL EN VILLA EL SALVADOR DISTRITO DE VILLA EL SALVADOR - PROVINCIA DE LIMA - DEPARTAMENTO DE LIMA,DEPARTAMENTO LIMA,LIMA,VILLA EL SALVADOR,13792869,FICHA TECNICA,100,150142,
20230529,MEJORAMIENTO DE LA INFRAESTRUCTURA DEL CENTRO DE SERVICIOS DE SEDAPAL EN VILLA EL SALVADOR DISTRITO DE VILLA EL SALVADOR - PROVINCIA DE LIMA - DEPARTAMENTO DE LIMA,DEPARTAMENTO LIMA,LIMA,VILLA EL SALVADOR,13792869,FICHA TECNICA,95,150142,
20230529,AMPLIACION Y MEJORAMIENTO DEL SISTEMA DE AGUA POTABLE Y ALCANTARILLADO PARA EL ESQUEMA CERRO LAS ANIMAS Y ANEXOS - DISTRITO DE PUENTE PIEDRA,DEPARTAMENTO LIMA,LIMA,PUENTE PIEDRA,92998942.37,OBRA,4.15,150125,CONSORCIO SAN ISAÍAS (CHINA MACHINERY ENGINEERING CORPORATION Y 2H INGENIERÍA Y CONSTRUCCIÓN S.A.C.)
20230529,AMPLIACION Y MEJORAMIENTO DEL SISTEMA DE AGUA POTABLE Y ALCANTARILLADO ESQUEMA 7MO 9NO Y 10MO SECTOR VILLA EL SALVADOR - CODIMUVES,DEPARTAMENTO LIMA,LIMA,VILLA EL SALVADOR,83001872.75,OBRA,84.08,150142, CONSORCIO REAL
20230529,AMPLIACION DE LAS FUENTES PARA EL ABASTECIMIENTO DE AGUA POTABLE AL SECTOR 98 DISTRITO DE CHORRILLOS,DEPARTAMENTO LIMA,LIMA,CHORRILLOS,2370450,EXPEDIENTE TECNICO,0,150108, 
20230529,MEJORAMIENTO DE LA INFRAESTRUCTURA DEL CENTRO DE SERVICIOS DE SEDAPAL EN SURQUILLO,DEPARTAMENTO LIMA,LIMA,SURQUILLO,61057443.48,EXPEDIENTE TECNICO,100,150141,HK CONSULTING SAC
20230529,AMPLIACION Y MEJORAMIENTO DEL AGUA POTABLE Y ALCANTARILLADO DEL ESQUEMA LOS CHANCAS LA ENCALADA - DISTRITO DE SANTA ANITA,DEPARTAMENTO LIMA,LIMA,ATE,140855228.2,EXPEDIENTE TECNICO,100,150103, 
20230529,AMPLIACIÓN Y MEJORAMIENTO DE LOS SISTEMAS DE AGUA POTABLE Y ALCANTARILLADO PARA EL ESQUEMA LOS ÁLAMOS DE MONTERRICO SECTORES 296 Y 297 - EN EL DISTRITO DE SANTIAGO DE SURCO,DEPARTAMENTO LIMA,LIMA,SANTIAGO DE SURCO,75613285,EXPEDIENTE TECNICO,55,150140, 
20230529,MEJORAMIENTO DEL SERVICIO DE HABITABILIDAD INSTITUCIONAL CENTRO DE DATOS TELECOMUNICACIONES Y AUTOMATIZACIÓN DE SEDAPAL (CDTA SEDAPAL) DISTRITO DE EL AGUSTINO - PROVINCIA DE LIMA - DEPARTAMENTO DE LI,DEPARTAMENTO LIMA,LIMA,EL AGUSTINO,39481132.9,OBRA,31.38,150111, 
20230529,AMPLIACION DE LAS FUENTES DE AGUA PARA EL ABASTECIMIENTO DE AGUA POTABLE AL SECTOR 60 DEL DISTRITO DE SANTIAGO DE SURCO,DEPARTAMENTO LIMA,LIMA,SANTIAGO DE SURCO,2280647.81,OBRA,95.09,150140,CONSORCIO TEODOBERA: 1) CONTRATISTA CONSULTORES CIENFUEGOS EIRL2) WW CONSTRUCTORES SAC
20230529,MEJORAMIENTO SANITARIO DE LAS ÁREAS MARGINALES DE LIMA (FASE REPARACIÓN DEFINITIVA DE LA BOCATOMA DEL SISTEMA HUACHIPA/ Y ADECUACIÓN Y CORRECCIÓN DE VICIOS OCULTOS/ AVERÍAS/ Y/O DEFECTOS DEL PROYECTO),DEPARTAMENTO LIMA,LIMA,LURIGANCHO/LOS OLIVOS/COMAS/PUENTE PIEDRA/SAN JUAN DE LURIGANCHO,121653037.4,EXPEDIENTE TECNICO,100,150118,CONSULTOR CES CONSULTING ENGINEERS SALZGITTER GMBH SUCURSAL DEL PERÚ
20230529,MEJORAMIENTO DE LA PLANTA N°1 EN LA ATARJEA DEL DISTRITO DE EL AGUSTINO - PROVINCIA DE LIMA - DEPARTAMENTO DE LIMA,DEPARTAMENTO LIMA,LIMA,EL AGUSTINO,123405128.5,PERFIL,0,150111,
20230529,SECTORIZACION DEL SISTEMA DE AGUA POTABLE Y ALCANTARILLADO DE LA PARTE ALTA DE CHORRILLOS: MATRIZ PROCERES - CHORRILLOS DISTRITO DE CHORRILLOS,DEPARTAMENTO LIMA,LIMA,CHORRILLOS,451680667.5,OBRA,85.37,150108, 
20230529,MEJORAMIENTO Y AMPLIACION DE LOS SISTEMAS DE AGUA POTABLE Y ALCANTARILLADO DISTRITO DE LURIN - PROVINCIA DE LIMA - DEPARTAMENTO DE LIMA,DEPARTAMENTO LIMA,LIMA,LURIN,478734013.9,EXPEDIENTE TECNICO,54.17,150119, 
20230529,MEJORAMIENTO DEL COLECTOR PRIMARIO SAN JUANITO EN LOS DISTRITOS DE SANTIAGO DE SURCO Y BARRANCO DE LA PROVINCIA DE LIMA-DEPARTAMENTO DE LIMA (EXPROYECTO:CAMBIO Y REUBICACION DEL COLECTOR SAN JUANITO,DEPARTAMENTO LIMA,LIMA,BARRANCO/SANTIAGO DE SURCO,5546892.43,OBRA,100,150104, 
20230529,REHABILITACION / MEJORAMIENTO Y AMPLIACION DE LOS SISTEMAS DE AGUA POTABLE Y ALCANTARILLADO EN EL A.H. CERRO SAN COSME Y A.H. SAN COSME - AMPLIACIÓN (SECTORES 1 Y 2) - DISTRITO: LA VICTORIA,DEPARTAMENTO LIMA,LIMA,LA VICTORIA,10964058.53,EXPEDIENTE TECNICO,0,150115, 
20230529,MEJORAMIENTO DEL COLECTOR TAYACAJA-DISTRITO DE EL AGUSTINO-PROVINCIA DE LIMA-DEPARTAMENTO LIMA,DEPARTAMENTO LIMA,LIMA,EL AGUSTINO,40537866,EXPEDIENTE TECNICO,100,150111, HM INGENIEROS CONSULTORES SA
20230529,AMPLIACIÓN DE LOS SISTEMAS DE AGUA POTABLE Y ALCANTARILLADO DEL SECTOR PARAISO ALTO - SECTOR 308 II ETAPA - DISTRITO DE VILLA MARÍA DEL TRIUNFO - PROV. DE LIMA - DEP. DE LIMA,DEPARTAMENTO LIMA,LIMA,VILLA MARIA DEL TRIUNFO,75786493.94,EXPEDIENTE TECNICO,100,150143, 
20230529,MEJORAMIENTO DE LOS SISTEMAS DE AGUA POTABLE Y ALCANTARILLADO DE LOS SECTORES 39/ 50/ 54/ 55/ 56/ 57 Y 58 - DISTRITO DE MIRAFLORES Y ZONAS ALEDAÑAS DE LOS DISTRITOS DE SURQUILLO/ SAN ISIDRO Y BARRANCO,DEPARTAMENTO LIMA,LIMA,MIRAFLORES/SURQUILLO/SAN ISIDRO,126408131.3,FICHA TECNICA,40,150122,
20230529,MEJORAMIENTO Y AMPLIACIÓN DEL SISTEMA DE AGUA POTABLE Y ALCANTARILLADO DE LOS SECTORES 359 Y 360 Y NUEVAS HABILITACIONES ESQUEMA INTEGRAL CARABAYLLO - SECTORES 352/ 353/ 355/ 356/ 357/ 358. DISTRITO D,DEPARTAMENTO LIMA,LIMA,CARABAYLLO,442081045.1,EXPEDIENTE TECNICO,91.63,150106, 
20230529,CREACION DEL CENTRO DE SERVICIOS PUENTE PIEDRA PARA LA GERENCIA DE SERVICIOS NORTE DE SEDAPAL - DISTRITO DE PUENTE PIEDRA - PROVINCIA DE LIMA - DEPARTAMENTO DE LIMA,DEPARTAMENTO LIMA,LIMA,PUENTE PIEDRA,61762002.74,EXPEDIENTE TECNICO,100,150125,CONSORCIO MURARIACONFORMADO:MARCO ANTONIO SILVA RODRIGUEZ: 60 ANGEL MARTIN MIRANDA FIGUEROA : 40REPRESENTANTE LEGAL: OSCAR EMILIANO MOLOCHO FLORES
20230529,AMPLIACION DE LOS SISTEMAS DE AGUA POTABLE Y ALCANTARILLADO PARA NUEVAS HABILITACIONES EN EL VALLE AMAUTA 3/ DISTRITO DE ATE - LIMA,DEPARTAMENTO LIMA,LIMA,ATE,22365170,OBRA,93.08,150103,CONSORCIO AMAUTA
20230529,AMPLIACION Y MEJORAMIENTO DEL SISTEMA DE AGUA POTABLE Y ALCANTARILLADO PARA EL MACRO PROYECTO PACHACUTEC DEL DISTRITO DE VENTANILLA ETAPA 1,DEPARTAMENTO LIMA,PROV. CONST. DEL CALLAO,VENTANILLA,343651927.5,OBRA,100,070106, 
20230529,AMPLIACIÓN DEL SISTEMA DE AGUA POTABLE Y ALCANTARILLADO DEL PROYECTO ESPECIAL LOS ANGELES - DISTRITO SAN JUAN DE LURIGANCHO,DEPARTAMENTO LIMA,LIMA,SAN JUAN DE LURIGANCHO,34538051,OBRA,100,150132, CONSORCIO JUAN PABLO II (CONFORMADO POR CONSTRUCTORA COSTA ANDINA S.A.C./ CONST. MARÍTIMAS Y DE LA SUPERFICIE S.R.L/ P V CONSTRUCCIONES S.A.C./ EDIFICACIONES Y SANEAMIENTO S.R.L Y INGENIERÍA MEDIOAMBIENTE CONSTRUCCIÓN S.A.C)
20230529,AMPLIACIÓN DEL SISTEMA DE AGUA POTABLE Y ALCANTARILLADO PARA NUEVAS HABILITACIONES EN EL SECTOR SARGENTO LORES DISTRITO DE SAN JUAN DE LURIGANCHO,DEPARTAMENTO LIMA,LIMA,SAN JUAN DE LURIGANCHO,48613536.54,OBRA,87.32,150132, CONSORCIO YUSUKE (CONFORMADO POR KG CONTRATISTAS GENERALES S.A./ JJR DURAND S.A.C./ HGD CONTRATISTAS S.A.C. Y CONSTRUCCIONES MARÍTIMAS Y DE LA SUPERFICIE S.R.L)
20230529,AMPLIACION Y MEJORAMIENTO DEL COLECTOR PUENTE PIEDRA Y TRATAMIENTO DE AGUAS SERVIDAS DEL AREA DEL DRENAJE DE LA PTAR PUENTE PIEDRA,DEPARTAMENTO LIMA,LIMA,SAN MARTIN DE PORRES/PUENTE PIEDRA/CARABAYLLO,236816855,EXPEDIENTE TECNICO,70,150135,CES CONSULTING ENGINEERS SALZGITTER GMBH SUCURSAL DEL PERÚ 
20230529,AMPLIACIÓN DE LOS SISTEMAS DE AGUA POTABLE Y ALCANTARILLADO BAYOVAR AMPLIACIÓN - SAN JUAN DE LURIGANCHO,DEPARTAMENTO LIMA,LIMA,SAN JUAN DE LURIGANCHO,93168277,OBRA,92.17,150132,CONSORCIO BAYOVAR I(CONFORMADO POR INGENIERÍA MEDIOAMBIENTE CONSTRUCCIÓN SAC. CONSTRUCTORA URANIO SAC. AGREGADOS Y EQUIPOS SAC. LFK INGENIERÍA Y CONSTRUCCIÓN)
20230529,MEJORAMIENTO Y AMPLIACIÓN DE LOS SISTEMAS DE AGUA POTABLE Y ALCANTARILLADO EN LOS DISTRITOS DE ATE Y SANTA ANITA DE LA PROVINCIA DE LIMA - DEPARTAMENTO DE LIMA,DEPARTAMENTO LIMA,LIMA,ATE/EL AGUSTINO/SANTA ANITA,603019935.8,EXPEDIENTE TECNICO,93.33,150103, 
20230529,AMPLIACIÓN Y MEJORAMIENTO DEL SISTEMA DE AGUA POTABLE Y ALCANTARILLADO PARA EL ESQUEMA SAN JUAN DE AMANCAES - DISTRITO DE L RÍMAC,DEPARTAMENTO LIMA,LIMA,RIMAC,92723168.99,OBRA,97.52,150128, 
20230529,MEJORAMIENTO Y AMPLIACION DE LOS SISTEMAS DE AGUA POTABLE Y ALCANTARILLADO PARA EL ESQUEMA VALLECITO BAJO - SECTOR 309 - DISTRITO DE VILLA MARIA DEL TRIUNFO,DEPARTAMENTO LIMA,LIMA,VILLA MARIA DEL TRIUNFO,74266975.18,EXPEDIENTE TECNICO,69.37,150143,CONSORCIO VILLA CONSULTORES (INTEGRADO POR JOSÉ LAU OLAYA Y RV CONSULT ASOC. S.A.C.)
20230529,MEJORAMIENTO Y AMPLIACIÓN DE LOS SISTEMAS DE AGUA POTABLE/ ALCANTARILLADO Y TRATAMIENTO DE AGUAS RESIDUALES PARA EL ESQUEMA JOSÉ GÁLVEZ SECTOR 315 Y ESQUEMA VILLA ALEJANDRO EN LOS DISTRITOS DE VILLA M,DEPARTAMENTO LIMA,LIMA,LURIN/VILLA MARIA DEL TRIUNFO,451428363.6,EXPEDIENTE TECNICO,100,150119, 
20230529,ESQUEMA CAJAMARQUILLA NIEVERIA Y CERRO CAMOTE-AMPLIACIÓN DE LOS SISTEMAS DE AGUA POTABLE Y ALCANT. DE SECTORES 129/ 130/ 131/ 132/ 133/ 134 Y 135-DISTRITOS DE LURIGANCHO Y SAN ANTONIO (ETAPA 1: REDES),DEPARTAMENTO LIMA,HUAROCHIRI,LURIGANCHO/SAN ANTONIO,368924098,OBRA,98.97,, CONSORCIO SANEAMIENTO CAJAMARQUILLA INTEGRADO POR CORSAN CORVIAM CONSTRUCTORA SA SUCURSAL DEL PERU IVC CONTRATISTAS GENERALES SA Y CONSTRUCTORA MPM SA
20230529,ESQUEMA CAJAMARQUILLA NIEVERIA Y CERRO CAMOTE-AMPLIACIÓN DE LOS SISTEMAS DE AGUA POTABLE Y ALCANT. DE SECTORES 129/ 130/ 131/ 132/ 133/ 134 Y 135-DISTRITOS DE LURIGANCHO Y SAN ANTONIO (ETAPA 1: REDES),DEPARTAMENTO LIMA,LIMA,LURIGANCHO/SAN ANTONIO,368924098,OBRA,98.97,150118, CONSORCIO SANEAMIENTO CAJAMARQUILLA INTEGRADO POR CORSAN CORVIAM CONSTRUCTORA SA SUCURSAL DEL PERU IVC CONTRATISTAS GENERALES SA Y CONSTRUCTORA MPM SA
20230529,AMPLIACIÓN DE LOS SISTEMAS DE AGUA POTABLE Y ALCANTARILLADO DEL ESQUEMA QUEBRADA DE MANCHAY - 2DA ETAPA DISTRITO DE PACHACAMAC/ DISTRITO DE VILLA MARIA DEL TRIUNFO/ DISTRITO DE LA MOLINA - PROVINCIA D,DEPARTAMENTO LIMA,LIMA,VILLA MARIA DEL TRIUNFO/PACHACAMAC/LA MOLINA,283626108.2,EXPEDIENTE TECNICO,70,150143, 
20230529,AMPLIACI?N Y MEJORAMIENTO DE LOS SISTEMAS DE AGUA POTABLE Y ALCANTARILLADO DE LOS SECTORES 311-313-330-310-312-314-300-307-319-324 Y 301 NUEVA RINCONADA- DISTRITOS DE SJM/ VMT Y VES - ETAPA 1 FRENTE 2,DEPARTAMENTO LIMA,LIMA,VILLA MARIA DEL TRIUNFO/VILLA EL SALVADOR,1249155004,OBRA,11.06,150143, CONSORCIO SAN MIGUEL(INTEGRADO POR LAS EMPRESAS CHINA MACHINERY ENGINEERING CORPORATION/ 2H INGENIERÍA Y CONSTRUCCIÓN S.A.C. Y SIGMA S.A. CONTRATISTAS GENERALES)
20230529,AMPLIACI?N Y MEJORAMIENTO DE LOS SISTEMAS DE AGUA POTABLE Y ALCANTARILLADO DE LOS SECTORES 311-313-330-310-312-314-300-307-319-324 Y 301 NUEVA RINCONADA- DISTRITOS DE SJM/ VMT Y VES - ETAPA 1 FRENTE 2,DEPARTAMENTO LIMA,LIMA,VILLA MARIA DEL TRIUNFO/VILLA EL SALVADOR,1249155004,OBRA,14.14,150143, CONSORCIO SAN MIGUEL(INTEGRADO POR LAS EMPRESAS CHINA MACHINERY ENGINEERING CORPORATION/ 2H INGENIERÍA Y CONSTRUCCIÓN S.A.C. Y SIGMA S.A. CONTRATISTAS GENERALES)
20230529,AMPLIACI?N Y MEJORAMIENTO DE LOS SISTEMAS DE AGUA POTABLE Y ALCANTARILLADO DE LOS SECTORES 311-313-330-310-312-314-300-307-319-324 Y 301 NUEVA RINCONADA- DISTRITOS DE SJM/ VMT Y VES - ETAPA 1 FRENTE 2,DEPARTAMENTO LIMA,LIMA,VILLA MARIA DEL TRIUNFO/VILLA EL SALVADOR,1249155004,OBRA,19.16,150143, CONSORCIO SAN MIGUEL(INTEGRADO POR LAS EMPRESAS CHINA MACHINERY ENGINEERING CORPORATION/ 2H INGENIERÍA Y CONSTRUCCIÓN S.A.C. Y SIGMA S.A. CONTRATISTAS GENERALES)
20230529,AMPLIACI?N Y MEJORAMIENTO DE LOS SISTEMAS DE AGUA POTABLE Y ALCANTARILLADO DE LOS SECTORES 311-313-330-310-312-314-300-307-319-324 Y 301 NUEVA RINCONADA- DISTRITOS DE SJM/ VMT Y VES - ETAPA 1 FRENTE 2,DEPARTAMENTO LIMA,LIMA,VILLA MARIA DEL TRIUNFO/VILLA EL SALVADOR,1249155004,OBRA,16.33,150143, CONSORCIO SAN MIGUEL(INTEGRADO POR LAS EMPRESAS CHINA MACHINERY ENGINEERING CORPORATION/ 2H INGENIERÍA Y CONSTRUCCIÓN S.A.C. Y SIGMA S.A. CONTRATISTAS GENERALES)
20230529,AMPLIACI?N Y MEJORAMIENTO DE LOS SISTEMAS DE AGUA POTABLE Y ALCANTARILLADO DE LOS SECTORES 311-313-330-310-312-314-300-307-319-324 Y 301 NUEVA RINCONADA- DISTRITOS DE SJM/ VMT Y VES - ETAPA 1 FRENTE 2,DEPARTAMENTO LIMA,LIMA,VILLA MARIA DEL TRIUNFO/VILLA EL SALVADOR,1249155004,OBRA,21.67,150143, CONSORCIO SAN MIGUEL(INTEGRADO POR LAS EMPRESAS CHINA MACHINERY ENGINEERING CORPORATION/ 2H INGENIERÍA Y CONSTRUCCIÓN S.A.C. Y SIGMA S.A. CONTRATISTAS GENERALES)
20230529,AMPLIACIÓN DE LOS SISTEMAS DE AGUA POTABLE Y ALCANTARILLADO DE LOS SECTORES 219-366-367-389-390-391-392 Y 393 - PIEDRAS GORDAS/ EN LOS DISTRITOS DE PUENTE PIEDRA Y ANCÓN - LIMA - LIMA,DEPARTAMENTO LIMA,LIMA,PUENTE PIEDRA/ANCON,67527831.71,EXPEDIENTE TECNICO,82.14,150125, CES CONSULTING ENGINEERS SALZGITTER GMBH SUCURSAL DEL PERU
20230529,INSTALACION DEL SISTEMA DE AGUA POTABLE Y ALCANTARILLADO PARA LA A.V SANTA ROSA II ETAPA/ A.V EL BOSQUE/ A.V LAS CASUARINAS/ A.V HEROES DE SAN JUAN Y C.V CIUDAD DE DIO,DEPARTAMENTO LIMA,LIMA,SAN JUAN DE MIRAFLORES,2882051,OBRA,40.19,150133, 
20230529,INSTALACIÓN DEL SISTEMA DE AGUA POTABLE Y ALCANTARILLADO PARA EL A.H. ALTA PALOMA/ A.P DE SAN BENITO GRANDE/ A.F LOS HIGALES DE CAMPOY/ A.F 3 DE MAYO / A.H. VILLA LOS ANDES Y AMPLIACION - DISTRITO DE,DEPARTAMENTO LIMA,LIMA,SAN JUAN DE LURIGANCHO,8718608.62,OBRA,96.9,150132, CONSORCIO PERU
20230529,AMPLIACION Y MEJORAMIENTO DE LOS SISTEMAS DE AGUA POTABLE Y ALCANTARILLADO DE LOS SECTORES 206 CERRO LA MILLA - DISTRITO DE SAN MARTIN DE PORRES,DEPARTAMENTO LIMA,LIMA,SAN MARTIN DE PORRES,84725610.55,EXPEDIENTE TECNICO,66.67,150135, 
20230529,RENOVACIÓN DE RED SECUNDARIA/ CONEXIONES DOMICILIARIAS DE AGUA POTABLE Y CONEXIONES DOMICILIARIAS PARA ALCANTARILLADO; EN EL(LA) URB. ZÁRATE DISTRITO DE SAN JUAN DE LURIGANCHO/ PROVINCIA LIMA/ DEPARTA,DEPARTAMENTO LIMA,LIMA,SAN JUAN DE LURIGANCHO,133075137.1,EXPEDIENTE TECNICO,100,150132,
20230529,MEJORAMIENTO Y AMPLIACION DE LOS SERVICIOS DE AGUA POTABLE Y ALCANTARILLADO EN LOS SECTORES DEL 400 AL 425 - DISTRITO DE SAN JUAN DE LURIGANCHO - PROVINCIA DE LIMA - DEPARTAMENTO DE LIMA Y LOS ANEXOS,DEPARTAMENTO LIMA,LIMA,SAN JUAN DE LURIGANCHO,6214995037,PERFIL,100,150132,
20230529,AMPLIACIÓN Y MEJORAMIENTO DE LOS SISTEMAS DE AGUA POTABLE Y ALCANTARILLADO DEL ESQUEMA CENTROS POBLADOS RURALES DE LA MARGEN DERECHA E IZQUIERDA DEL VALLE-SECTORES 432/ 433/ 434 Y 451- DISTRITO DE PAC,DEPARTAMENTO LIMA,LIMA,PACHACAMAC,121013124,EXPEDIENTE TECNICO,62.5,150123, 
20230529,MEJORAMIENTO INFRAESTRUCTURA DEL CENTRO DE SERVICIOS COMAS DISTRITO DE COMAS - PROVINCIA DE LIMA - DEPARTAMENTO DE LIMA,DEPARTAMENTO LIMA,LIMA,COMAS,13604868.09,EXPEDIENTE TECNICO,0,150110, 
20230529,ESQUEMA ANEXO 22 PAMPA DE JICAMARCA DE CANTO GRANDE - SECTORIZACION Y AMPLIACION DE LOS SISTEMAS DE AGUA POTABLE Y ALCANTARILLADO DEL DISTRITO SAN ANTONIO DE HUAROCHIRI,DEPARTAMENTO LIMA,LIMA,SAN JUAN DE LURIGANCHO,298695249.6,OBRA,97.95,150132,IVC CONTRATISTAS GENERALES S.A. 
20230529,MEJORAMIENTO Y AMPLIACIÓN DE LOS SISTEMAS DE AGUA POTABLE Y ALCANTARILLADO DE LOS SECTORES 140/ 141/ 142/ 143/ 144/ 145/ 146/ 155/ 156/ 157 Y 169 (ESQUEMA ALTOS DE HUAMPANÍ) DISTRITO LURIGANCHO CHOSIC,DEPARTAMENTO LIMA,LIMA,LURIGANCHO/CHACLACAYO,101709800,FICHA TECNICA,33.33,150118,
20230529,MEJORAMIENTO Y AMPLIACION DE LOS SISTEMAS DE AGUA POTABLE Y ALCANTARILLADO DE LOS SECTORES 273/ 277/278/280/394/395 DISTRITO DE VENTANILLA,DEPARTAMENTO LIMA,PROV. CONST. DEL CALLAO,VENTANILLA,732107783.9,EXPEDIENTE TECNICO,0,070106, 
20230529,INSTALACION DE REDES COMPLEMENTARIAS DE AGUA POTABLE Y ALCANTARILLADO PARA HABILITACIONES REMANENTES DEL PROYECTO DE MEJORAMIENTO SANITARIO DE LAS AREAS MARGINALES DE LIMA/ LOTE 7 Y 10 - DISTRITO DE P,DEPARTAMENTO LIMA,LIMA,PUENTE PIEDRA,33774540.36,EXPEDIENTE TECNICO,100,150125, 
20230529,INSTALACION DE LOS SISTEMAS DE AGUA POTABLE Y ALCANTARILLADO PARA LA ASOCIACION PRO VIVIENDA PROFAM PERU - DISTRITO DE SANTA ROSA,DEPARTAMENTO LIMA,LIMA,SANTA ROSA,118280987.8,EXPEDIENTE TECNICO,83.33,150139, 
20230529,AMPLIACION Y MEJORAMIENTO DE LOS SISTEMAS DE AGUA POTABLE Y ALCANTARILLADO DE LOS SECTORES 361/ 362/ 363/ 364/ 365/ 384/ 385/ 386/ 387/ 388 DISTRITO DE PUENTE PIEDRA - PROV. DE LIMA - DEP. DE LIMA,DEPARTAMENTO LIMA,LIMA,PUENTE PIEDRA,72904371.19,EXPEDIENTE TECNICO,85.71,150125, 
20230529,AMPLIACION Y MEJORAMIENTO DE LOS SISTEMAS DE AGUA POTABLE Y ALCANTARILLADO DE LOS SECTORES 361/ 362/ 363/ 364/ 365/ 384/ 385/ 386/ 387/ 388 DISTRITO DE PUENTE PIEDRA - PROV. DE LIMA - DEP. DE LIMA,DEPARTAMENTO LIMA,LIMA,PUENTE PIEDRA,72904371.19,EXPEDIENTE TECNICO,85.71,150125, 
20230529,MEJORAMIENTO DE LOS SISTEMAS DE AGUA POTABLE Y ALCANTARILLADO DE LOS A.H. CERRO EL AGUSTINO- FRENTE 1 - DISTRITO EL AGUSTINO,DEPARTAMENTO LIMA,LIMA,EL AGUSTINO,51670381.23,EXPEDIENTE TECNICO,80,150111,CES CONSULTING ENGINEERS SALZGITTER GMBH SUCURSAL DEL PERÚ
20230529,MEJORAMIENTO Y AMPLIACIÓN DE LOS COLECTORES PRIMARIOS EN EL ÁREA DE DRENAJE DE LOS COLECTORES COMAS Y CHILLÓN/ DISTRITOS: CARABAYLLO/ COMAS/ LOS OLIVOS/ SAN MARTIN DE PORRES E INDEPENDENCIA/ 5 DISTRIT,DEPARTAMENTO LIMA,LIMA,COMAS,389722963.4,EXPEDIENTE TECNICO,70,150110, CONSORCIO SANEAMIENTO COMAS Y CHILLON
20230529,AMPLIACIÓN DE LOS SISTEMAS DE AGUA POTABLE Y ALCANTARILLADO EN NUEVAS HABILITACIONES PARTES ALTAS DE HUAYCÁN II/ QUE FORMAN PARTE DE LOS SECTORES 150/ 151/ 152/ 153 Y 154 - DISTRITO DE ATE,DEPARTAMENTO LIMA,LIMA,ATE,132497554.9,EXPEDIENTE TECNICO,63,150103, 
20230529,INSTALACIÓN COMPLEMENTARIA DE REDES SECUNDARIAS Y CONEXIONES DOMICILIARIAS DE AGUA POTABLE Y ALCANTARILLADO DEL ESQUEMA ÑAÑA Y ANEXOS - DISTRITO DE LURIGANCHO - CHOSICA,DEPARTAMENTO LIMA,LIMA,LURIGANCHO,8855609.16,OBRA,93.36,150118, CONSORCIO LOS OLIVOS (CONFORMADO POR CONSTRUCTORA YACHAYNIYUX SAC Y CORPORACIÓN SAN ANDRÉS)
20230529,CREACION DE FUENTE DE AGUA POR LA EXTRACCIÓN Y RECARGA ARTIFICIAL INDUCIDA EN EL VALLE DEL RÍO LURÍN DISTRITO DE CIENEGUILLA - PROVINCIA DE LIMA - DEPARTAMENTO DE LIMA,DEPARTAMENTO LIMA,LIMA,CIENEGUILLA,42689745,PERFIL,50,150109,
20230529,INST. DE REDES SECUNDARIAS Y CONEXIONES DOMICILIARIAS DE AGUA POTABLE Y ALCANTARILLADO PARA EL A.H. LA RIVERA DE CAMPOY Y A.H. LUIS PARDO-DIST. SJL Y EL AH. RAMON CARCAMO SECTORES II/ VI- DIST. C.L.,DEPARTAMENTO LIMA,LIMA,SAN JUAN DE LURIGANCHO,2260526.23,OBRA,100,150132,PROYECTO DELTA S.A.C.
20230529,AMPLIACION Y MEJORAMIENTO DE LOS SISTEMAS DE AGUA POTABLE Y ALCANTARILLADO EN EL DISTRITO DE LA MOLINA PROVINCIA DE LIMA-DEPARTAMENTO DE LIMA,DEPARTAMENTO LIMA,LIMA,LA MOLINA,341759934,FICHA TECNICA,11,150114,
20230529,CREACION DE LA OFICINA DE ATENCION AL CLIENTE EN EL DISTRITO DE BARRANCO DISTRITO DE BARRANCO - PROVINCIA DE LIMA - DEPARTAMENTO DE LIMA,DEPARTAMENTO LIMA,LIMA,BARRANCO,32526270,FICHA TECNICA,60,150104,
20230529,CREACION DEL CENTRO DE SERVICIO BALNEARIOS DEL SUR DISTRITO DE PUNTA NEGRA - PROVINCIA DE LIMA - DEPARTAMENTO DE LIMA,DEPARTAMENTO LIMA,LIMA,PUNTA NEGRA,46196468.45,FICHA TECNICA,75,150127,
20230529,CREACION DEL CENTRO DE SERVICIO BALNEARIOS DEL SUR DISTRITO DE PUNTA NEGRA - PROVINCIA DE LIMA - DEPARTAMENTO DE LIMA,DEPARTAMENTO LIMA,LIMA,PUNTA NEGRA,46196468.45,FICHA TECNICA,0,150127,
20230529,MEJORAMIENTO DE LOS SISTEMAS DE AGUA POTABLE Y ALCANTARILLADO EN SECTORES 38/ 49/ 51/ 52/ 53 DEL DISTRITO DE SAN ISIDRO Y ZONAS ALEDAÑAS EN LOS DISTRITOS DE SURQUILLO Y SAN BORJA,DEPARTAMENTO LIMA,LIMA,SURQUILLO/SAN BORJA/SAN ISIDRO,27787641,FICHA TECNICA,70,150141,
20230529,MEJORAMIENTO DE LOS SISTEMAS DE AGUA Y POTABLE Y ALCANTARILLADO EN LOS SECTORES 67/ 68/ 69/ 70/ 71/ 72/ 73 DEL DISTRITO DE SAN BORJA Y ZONAS ALEDAÑAS DEL DISTRITO DE SAN ISIDRO/ PROVINCIA DE LIMA/ DEP,DEPARTAMENTO LIMA,LIMA,SAN BORJA,18727127,FICHA TECNICA,70,150130,
20230529,OPTIMIZACIÓN DE SISTEMAS DE AGUA POTABLE Y ALCANTARILLADO SECTORIZACIÓN/REHABILITACIÓN DE REDES Y ACTUALIZACIÓN DE CATASTRO - ÁREA DE INFLUENCIA PLANTA HUACHIPA - ÁREA DE DREN...(LIMA II NORTE LOTE 1),DEPARTAMENTO LIMA,LIMA,SAN MARTIN DE PORRES/CARABAYLLO/PUENTE PIEDRA/LOS OLIVOS/COMAS,207712203.7,OBRA,69.95,150135,CONSORCIO SANEAMIENTO LIMA NORTE LOTE 1 (CONFORMADO POR IVC CONTRATISTAS GENERALES S.A. Y CONSTRUCTORA M.P.M. S.A.)
20230529,MEJORAMIENTO DE LOS SISTEMAS DE AGUA POTABLE Y ALCANTARILLADO EN LOS A.H. CERRO EL AGUSTINO/ FRENTE 2 - DISTRITO EL AGUSTINO,DEPARTAMENTO LIMA,LIMA,EL AGUSTINO,48788697.89,EXPEDIENTE TECNICO,80,150111,CES CONSULTING ENGINEERS SALZGITTER GMBH
20230529,REHABILITACIÓN DE REDES DE AGUA POTABLE SECTORES 7 Y 9- LIMA,DEPARTAMENTO LIMA,LIMA,LIMA,14632913.66,IOARR,95,150101,
20230529,MEJORAMIENTO DE LAS REDES SECUNDARIAS Y CONEXIONES DOMICILIARIAS DE AGUA POTABLE Y ALCANTARILLADO EN LAS HABILITACIONES URBANAS: URB. TÚPAC AMARU/ URB. LIMATAMBO NORTE EL TRÉBOL/ LA MARINERA/ SAN LUIS,DEPARTAMENTO LIMA,LIMA,SAN LUIS,54754736.61,EXPEDIENTE TECNICO,0,150134, 
20230529,MEJORAMIENTO SISTEMA PTAR SAN BARTOLO - LINEA DE CONDUCCION Y PLANTA DE TRATAMIENTO - MESIAS 4 DISTRITOS DE LA PROVINCIA DE LIMA - DEPARTAMENTO DE LIMA,DEPARTAMENTO LIMA,LIMA,VILLA EL SALVADOR/LURIN/SANTIAGO DE SURCO/VILLA MARIA DEL TRIUNFO,240703221.9,PERFIL,0,150142,
20230529,MEJORAMIENTO DE LOS COLECTORES PRIMARIOS DE CONDUCCIÓN DE AGUAS RESIDUALES EN EL ÁMBITO DEL ÁREA DE DRENAJE DEL COLECTOR SURCO/ DISTRITOS DE SAN BORJA/ SAN ISIDRO/ SAN LUIS/ MIRAFLORES/ SURQUILLO/ SAN,DEPARTAMENTO LIMA,LIMA,ATE/SANTIAGO DE SURCO/SANTA ANITA/SAN JUAN DE MIRAFLORES/LA MOLINA/SAN ISIDRO/CHORRILLOS/SURQUILLO/SAN LUIS/MIRAFLORES/BARRANCO/VILLA EL SALVADOR/SAN BORJA/LA VICTORIA,668638576,PERFIL,95,150103,
20230529,MEJORAMIENTO DE LOS COLECTORES PRIMARIOS DE CONDUCCIÓN DE AGUAS RESIDUALES EN EL ÁMBITO DEL ÁREA DE DRENAJE DEL INTERCEPTOR NORTE/ COSTANERO/ LA MARINA/ ARGENTINA Y MORALES DUAREZ/ EN LOS DISTRITOS DE,DEPARTAMENTO LIMA,LIMA,BRE?A/EL AGUSTINO/LIMA/SAN MIGUEL,532012082,PERFIL,55,150105,
20230529,CONSTRUCCIÓN DE CERCOS PERIMÉTRICOS EN LOS RESERVORIOS Y ESTACIONES DE BOMBEO DE LA ZONA CENTRO/ DISTRITO DE LA MOLINA/ PROVINCIA DE LIMA,DEPARTAMENTO LIMA,LIMA,LA MOLINA,1038218.58,EXPEDIENTE TECNICO,0,150114,
20230529,MEJORAMIENTO DEL SISTEMA DE AGUA POTABLE Y ALCANTARILLADO DEL CONJUNTO HABITACIONAL MARBELLA DISTRITO DE MAGDALENA DEL MAR-PROVINCIA DE LIMA-REGION LIMA,DEPARTAMENTO LIMA,LIMA,MAGDALENA DEL MAR,11018096.74,EXPEDIENTE TECNICO,100,150120, CONSORCIO MARBELLA
20230529,MEJORAMIENTO Y REHABILITACIÓN DE LOS SISTEMAS DE AGUA POTABLE Y ALCANTARILLADO DE LA URBANIZACIÓN CLUB CAMPESTRE LAS LAGUNAS DISTRITO DE LA MOLINA,DEPARTAMENTO LIMA,LIMA,LA MOLINA,16674242.16,EXPEDIENTE TECNICO,100,150114, 
20230529,RENOVACIÓN DE RED SECUNDARIA Y CONEXIÓN DOMICILIARIA DE ALCANTARILLADO; EN EL(LA) CONJUNTO HABITACIONAL PALOMINO DISTRITO DE LIMA/ PROVINCIA LIMA/ DEPARTAMENTO LIMA,DEPARTAMENTO LIMA,LIMA,LIMA,9078405,EXPEDIENTE TECNICO,100,150101,
20230529,ADQUISICION DE SISTEMA SCADA; EN EL(LA) COP LA ATARJEA DE SEDAPAL - DISTRITO DE EL AGUSTINO/ PROVINCIA LIMA/ DEPARTAMENTO LIMA,DEPARTAMENTO LIMA,LIMA,EL AGUSTINO,12664152.27,IOARR,100,150111,
20230529,CREACION DEL SERVICIO DE AGUA POTABLE Y SANEAMIENTO PARA LA ASOCIACION DE VIVIENDA PRODUCTIVA LA ARBOLEDA DEL DISTRITO DE SANTA ROSA - LIMA - LIMA,DEPARTAMENTO LIMA,LIMA,SANTA ROSA,3875225.38,EXPEDIENTE TECNICO,95,150139, 
20230529,MEJORAMIENTO DE LOS COLECTORES PRIMARIOS DE LAS ÁREAS DE DRENAJE DE LOS COLECTORES VILLA MARÍA/ VILLA EL SALVADOR Y SAN JUAN,DEPARTAMENTO LIMA,LIMA,SAN JUAN DE MIRAFLORES/VILLA MARIA DEL TRIUNFO/VILLA EL SALVADOR,348710460,PERFIL,25,150133,
20230529,AMPLIACIÓN Y MEJORAMIENTO DE LOS SISTEMAS DE AGUA POTABLE Y ALCANTARILLADO DE LOS SECTORES 311-313-330-310-312-314-300-307-319-324 Y 301 NUEVA RINCONADA - SJM/ VMT Y VES - ETAPA 2,DEPARTAMENTO LIMA,LIMA,SAN JUAN DE MIRAFLORES,327718562.9,EXPEDIENTE TECNICO,78,150133, 
20230529,INSTALACIÓN DE REDES SECUNDARIAS Y CONEXIONES DOMICILIARIAS DE AGUA POTABLE Y ALCANTARILLADO/ EN PARTE DE LOS SECTORES ESTE Y OESTE DEL PROGRAMA DE VIVIENDA SANTA ROSA DE VILLA DE LOMAS DE CARABAYLLO,DEPARTAMENTO LIMA,LIMA,CARABAYLLO,2532114.23,OBRA,100,150106, 
20230529,CREACION DE LA PLANTA N° 03 DEL SISTEMA DE PRODUCCION DE AGUA POTABLE DE LA ATARJEA EL AGUSTINO,DEPARTAMENTO LIMA,LIMA,EL AGUSTINO,83085883.43,PERFIL,0,150111,
20230529,MEJORAMIENTO DE LOS COLECTORES PRIMARIOS DE CONDUCCIÓN DE AGUAS RESIDUALES EN EL ÁMBITO DEL ÁREA DE DRENAJE DEL COLECTOR CIRCUNVALACIÓN/ EN LOS DISTRITOS DE SANTIAGO DE SURCO Y CHORRILLOS DE LA PROVIN,DEPARTAMENTO LIMA,LIMA,CHORRILLOS/SANTIAGO DE SURCO,525200000,PERFIL,15,150108,
20230529,CREACIÓN DEL SERVICIO DE TRATAMIENTO DE AGUAS RESIDUALES PARA DISPOSICIÓN FINAL EN NUEVA PTAR SUR DISTRITO DE LURIN DE LA PROVINCIA DE LIMA DEL DEPARTAMENTO DE LIMA,DEPARTAMENTO LIMA,LIMA,PACHACAMAC/LURIN/CIENEGUILLA,709864757.3,PERFIL,0,150123,
20230529,CREACIÓN DE FUENTE DE AGUA POR GALERÍAS FILTRANTES VALLE RÍO CHILLÓN/ DISTRITO DE CARABAYLLO - PROVINCIA DE LIMA - DEPARTAMENTO DE LIMA.,DEPARTAMENTO LIMA,LIMA,CARABAYLLO,2561439.97,PERFIL,0,150106,
20230529,CONSTRUCCION DE POZO DE MONITOREO; EN EL(LA) SECTOR HIDRÁULICO B/ DISTRITO LURIN/ DISTRITO PACHACAMAC Y DISTRITO DE CIENEGUILLA/ PROVINCIA LIMA/ DEPARTAMENTO LIMA,DEPARTAMENTO LIMA,LIMA,CIENEGUILLA/LURIN/PACHACAMAC,28004713.56,EXPEDIENTE TECNICO,80,150109,
20230529,CREACION DE FUENTE DE AGUA POR EXTRACCIÓN Y RECARGA ARTIFICIAL INDUCIDA EN EL VALLE DEL RÍO CHILLÓN DISTRITO DE CARABAYLLO - PROVINCIA DE LIMA - DEPARTAMENTO DE LIMA,DEPARTAMENTO LIMA,LIMA,CARABAYLLO,74000000,PERFIL,0,150106,
20230529,AMPLIACIÓN DE REDES SECUNDARIAS Y CONEXIONES DOMICILIARIAS DE AGUA POTABLE Y ALCANTARILLADO PARA LA ASOCIACIÓN SAN JUAN BAUTISTA DE MUSA 4TA Y 5TA ETAPA DISTRITO LA MOLINA PROVINCIA DE LIMA,DEPARTAMENTO LIMA,LIMA,LA MOLINA,832046.16,EXPEDIENTE TECNICO,70,150114, 
20230529,RENOVACION DE CERCO PERIMETRICO; EN ELTERRENO DE LOS RESERVORIOS DENOMINADOS LA MENACHO EN EL DISTRITO DE EL AGUSTINO/ PROVINCIA LIMA/ DEPARTAMENTO LIMA,DEPARTAMENTO LIMA,LIMA,EL AGUSTINO,2979931,EXPEDIENTE TECNICO,0,150111,
20230529,CREACIÓN DE FUENTE DE AGUA POR EXTRACCIÓN Y RECARGA ARTIFICIAL INDUCIDA EN EL VALLE DEL RÍO RÍMAC DISTRITOS DE LURIGANCHO CHOSICA Y CHACLACAYO/ PROVINCIA DE LIMA/ DEPARTAMENTO DE LIMA.,DEPARTAMENTO LIMA,LIMA,LURIGANCHO/CHACLACAYO,608721038.7,PERFIL,100,150118,
20230529,MEJORAMIENTO Y AMPLIACIÓN DEL SERVICIO DE TRATAMIENTO DE AGUAS RESIDUALES PTAR CIENEGUILLA DISTRITO DE CIENEGUILLA PROVINCIA DE LIMA DEPARTAMENTO DE LIMA,DEPARTAMENTO LIMA,LIMA,CIENEGUILLA,217293115.8,PERFIL,100,150109,
20230529,REPARACIÓN DE COLECTOR PRIMARIO; EN EL(LA) COLECTOR CANTO GRANDE Y COLECTOR LA HUAYRONA UBICADO EN LAS ESTACIONES SANTA ROSA/ BAYOVAR Y CAJA DE AGUA DEL DISTRITO DE SAN JUAN DE LURIGANCHO/ PROVINCIA L,DEPARTAMENTO LIMA,LIMA,SAN JUAN DE LURIGANCHO,33833025.1,OBRA,100,150132,
20230529,MEJORAMIENTO Y AMPLIACIÓN DE LOS SERVICIOS DE AGUA POTABLE Y ALCANTARILLADO PARA LAS NUEVAS HABILITACIONES DE LOS SECTORES 339/ 341/ 343/ 345/ 348 Y 349 DEL DISTRITO DE COMAS - PROVINCIA DE LIMA - DEP,DEPARTAMENTO LIMA,LIMA,COMAS,170173148,FICHA TECNICA,14,150110,
20230529,CONSTRUCCIÓN DE COLECTOR PRIMARIO; EN EL(LA) TRAMO DEL COLECTOR CIRCUNVALACIÓN DESDE LA AV. SANTIAGO DE SURCO CON AV. LOS PRÓCERES DISTRITO SANTIAGO DE SURCO HASTA LA AV. SANTA ROSA CON AV. SANTA TERE,DEPARTAMENTO LIMA,LIMA,SANTIAGO DE SURCO/CHORRILLOS,202796620.3,EXPEDIENTE TECNICO,85,150140,
20230529,RENOVACIÓN DE ESTACIÓN DE BOMBEO DE AGUAS RESIDUALES CD-068 DE LA ADMINISTRACIÓN DEL CENTRO DE SERVICIOS DE LA GERENCIA DE SERVICIOS NORTE EN EL DISTRITO DE PUENTE PIEDRA/ PROVINCIA DE LIMA,DEPARTAMENTO LIMA,LIMA,PUENTE PIEDRA,3210468.57,EXPEDIENTE TECNICO,100,150125,
20230529,REHABILITACIÓN DE LA ESTACIÓN DE BOMBEO DE AGUAS RESIDUALES CD-059 DE LA ADMINISTRACIÓN DEL CENTRO DE SERVICIOS DE LA GERENCIA DE SERVICIOS CENTRO EN EL DISTRITO DE LA MOLINA/ PROVINCIA DE LIMA,DEPARTAMENTO LIMA,LIMA,LA MOLINA,1540157.76,EXPEDIENTE TECNICO,100,150114,
20230529,REHABILITACIÓN DE LAS ESTACIONES DE BOMBEO DE AGUAS RESIDUALES CD-062/ CD-108 DE LA ADMINISTRACIÓN DEL CENTRO DE SERVICIOS DE LA GERENCIA DE SERVICIOS CENTRO EN EL DISTRITO DE CERCADO DE LIMA/ PROVINC,DEPARTAMENTO LIMA,LIMA,LIMA,2727304.14,EXPEDIENTE TECNICO,100,150101,
20230529,RENOVACIÓN DE ESTACIÓN DE BOMBEO DE DESAGUE EN LA CD-079/ CD-088/ CD-098 DE LA ADMINISTRACIÓN DE LA GERENCIA DE SERVICIOS CENTRO EN EL DISTRITO DE LURIGANCHO,DEPARTAMENTO LIMA,LIMA,LURIGANCHO,4492920.36,EXPEDIENTE TECNICO,69.53,150118,
20230529,REHABILITACIÓN DE LA ESTACIÓN DE BOMBEO DE AGUAS RESIDUALES CD-082 DE LA ADMINISTRACIÓN DEL CENTRO DE SERVICIOS DE LA GERENCIA DE SERVICIOS CENTRO EN EL DISTRITO DE ATE/ PROVINCIA DE LIMA,DEPARTAMENTO LIMA,LIMA,ATE,1601274.46,EXPEDIENTE TECNICO,69.53,150103,
20230529,CONSTRUCCIÓN DE CERCO PERIMÉTRICO PARA EL RESERVORIO R-683 EN LA JURISDICCIÓN DE LA GERENCIA DE SERVICIOS SUR/ EN EL DISTRITO DE VILLA EL SALVADOR,DEPARTAMENTO LIMA,LIMA,VILLA EL SALVADOR,669878.49,IOARR,100,150142,
20230529,CONSTRUCCION DE CERCOS PERIMÉTRICOS PARA LOS RESERVORIOS R-165/ R-612/ CR-130/ CR-23/ R-614 EN LA JURISDICCIÓN DE LA GERENCIA DE SERVICIOS SUR/ EN EL DISTRITO DE SANTIAGO DE SURCO,DEPARTAMENTO LIMA,LIMA,SANTIAGO DE SURCO,728946.05,EXPEDIENTE TECNICO,0,150140,
20230529,RENOVACION DE POZO; EN EL(LA) POZO EXISTENTE P-346 - DISTRITO DE PACHACAMAC/ PROVINCIA LIMA/ DEPARTAMENTO LIMA,DEPARTAMENTO LIMA,LIMA,LURIN,1655639.97,IOARR,100,150119,
20230529,AMPLIACION DE LOS SERVICIOS DE AGUA POTABLE Y ALCANTARILLADO PARA NUEVAS HABILITACIONES Y REMANENTES DE LOS ESQUEMAS CAJAMARQUILLA/ NIEVERIA Y CERRO CAMOTE/ SECTORES 129/ 130/ 131/ 132/ 133/ 134 Y 135,DEPARTAMENTO LIMA,LIMA,SAN ANTONIO/LURIGANCHO,373120250,FICHA TECNICA,15,,
20230529,AMPLIACION DE LOS SERVICIOS DE AGUA POTABLE Y ALCANTARILLADO PARA NUEVAS HABILITACIONES Y REMANENTES DE LOS ESQUEMAS CAJAMARQUILLA/ NIEVERIA Y CERRO CAMOTE/ SECTORES 129/ 130/ 131/ 132/ 133/ 134 Y 135,DEPARTAMENTO LIMA,HUAROCHIRI,SAN ANTONIO/LURIGANCHO,373120250,FICHA TECNICA,15,150716,
20230529,MEJORAMIENTO Y AMPLIACIÓN DE LOS SERVICIOS DE AGUAPOTABLE Y ALCANTARILLADO DE LOS SECTORES 454/ 455/ 456/ 457Y 458/ Y FUENTE DE AGUA POTABLE Y TRATAMIENTO DE AGUASRESIDUALES DE LOS SECTORES 432,DEPARTAMENTO LIMA,LIMA,PACHACAMAC,88744735.36,FICHA TECNICA,60,150123,
20230529,AMPLIACIÓN DE LOS SERVICIOS DE AGUA POTABLE Y ALCANTARILLADO PARA NUEVAS HABILITACIONES DEL ESQUEMA CARAPONGO - SECTORES 136 Y 137 - DISTRITO DE LURIGANCHO/ PROVINCIA Y DEPARTAMENTO DE LIMA,DEPARTAMENTO LIMA,LIMA,LURIGANCHO,44400419.3,FICHA TECNICA,35,150118,
20230529,MEJORAMIENTO Y AMPLIACIÓN DE LA PLANTA DE TRATAMIENTO DE AGUAS RESIDUALES CARAPONGO/ DISTRITO DE ATE,DEPARTAMENTO LIMA,LIMA,ATE,522037900,PERFIL,0,150103,
20230529,MEJORAMIENTO Y AMPLIACIÓN DE LA PLANTA DE TRATAMIENTO DE AGUAS RESIDUALES DE SAN ANTONIO DE CARAPONGO - DISTRITO DE LURIGANCHO CHOSICA,DEPARTAMENTO LIMA,LIMA,LURIGANCHO,251289260,PERFIL,0,150118,
20230529,ADQUISICION DE EQUIPO DE BOMBEO; EN EL(LA) POZOS SUBTERRÁNEOS P-788 Y P-791 - DISTRITO DE LOS OLIVOS/ PROVINCIA LIMA/ DEPARTAMENTO LIMA,DEPARTAMENTO LIMA,LIMA,LOS OLIVOS,823643.81,IOARR,100,150117,
20230529,ADQUISICION DE EQUIPO DE BOMBEO; EN EL(LA) POZOS SUBTERRÁNEOS P-363 Y P-650 - DISTRITO DE SANTA ANITA/ PROVINCIA LIMA/ DEPARTAMENTO LIMA,DEPARTAMENTO LIMA,LIMA,SANTA ANITA,838210.13,IOARR,100,150137,
20230529,ADQUISICION DE EQUIPO DE BOMBEO; EN EL(LA) POZO SUBTERRÁNEO P-427 - DISTRITO DE LIMA/ PROVINCIA LIMA/ DEPARTAMENTO LIMA,DEPARTAMENTO LIMA,LIMA,LIMA,495843.85,IOARR,100,150101,
20230529,ADQUISICION DE EQUIPO DE BOMBEO; EN EL(LA) POZOS SUBTERRÁNEOS P-734/ P-736/ P-767/ P-826 Y P-889 - DISTRITO DE ATE/ PROVINCIA LIMA/ DEPARTAMENTO LIMA,DEPARTAMENTO LIMA,LIMA,ATE,1695025.7,IOARR,100,150103,
20230529,ADQUISICION DE EQUIPO DE BOMBEO; EN EL(LA) POZOS SUBTERRÁNEOS P-266/ P-267 Y P-793 - DISTRITO DE CARABAYLLO/ PROVINCIA LIMA/ DEPARTAMENTO LIMA,DEPARTAMENTO LIMA,LIMA,CARABAYLLO,1030616.75,IOARR,100,150106,
20230529,ADQUISICIÓN DE EQUIPO DE BOMBEO; EN EL(LA) POZOS SUBTERRÁNEOS P-378/ P-431/ P-721 Y P-723 - DISTRITO DE COMAS/ PROVINCIA LIMA/ DEPARTAMENTO LIMA,DEPARTAMENTO LIMA,LIMA,COMAS,1164817.32,IOARR,100,150110,
20230529,ADQUISICION DE EQUIPO DE BOMBEO; EN EL(LA) POZO SUBTERRÁNEO P-629 - DISTRITO DE LA MOLINA/ PROVINCIA LIMA/ DEPARTAMENTO LIMA,DEPARTAMENTO LIMA,LIMA,LA MOLINA,495752.55,IOARR,100,150114,
20230529,ADQUISICION DE EQUIPO DE BOMBEO; EN EL(LA) POZO SUBTERRÁNEO P-786 - DISTRITO DE LINCE/ PROVINCIA LIMA/ DEPARTAMENTO LIMA,DEPARTAMENTO LIMA,LIMA,LINCE,485503.48,IOARR,100,150116,
20230529,ADQUISICION DE EQUIPO DE BOMBEO; EN EL(LA) POZO SUBTERRÁNEO P-820 - DISTRITO DE LURIGANCHO/ PROVINCIA LIMA/ DEPARTAMENTO LIMA,DEPARTAMENTO LIMA,LIMA,LURIGANCHO,347112.97,IOARR,100,150118,
20230529,ADQUISICION DE EQUIPO DE BOMBEO; EN EL(LA) POZO SUBTERRÁNEO P-671 - DISTRITO DE PACHACAMAC/ PROVINCIA LIMA/ DEPARTAMENTO LIMA,DEPARTAMENTO LIMA,LIMA,PACHACAMAC,385683.63,IOARR,100,150123,
20230529,ADQUISICION DE EQUIPO DE BOMBEO; EN EL(LA) POZOS SUBTERRÁNEOS P-445 Y P-755 - DISTRITO DE SAN MIGUEL/ PROVINCIA LIMA/ DEPARTAMENTO LIMA,DEPARTAMENTO LIMA,LIMA,SAN MIGUEL,753216.42,IOARR,100,150136,
20230529,ADQUISICION DE EQUIPO DE BOMBEO; EN EL(LA) POZOS SUBTERRÁNEOS P-440 Y P-632 - DISTRITO DE SAN JUAN DE LURIGANCHO/ PROVINCIA LIMA/ DEPARTAMENTO LIMA,DEPARTAMENTO LIMA,LIMA,SAN JUAN DE LURIGANCHO,707811.54,IOARR,100,150132,
20230529,REHABILITACIÓN DEL COLECTOR PRIMARIO EN EL COLECTOR PAMPA EL ARENAL/ EN EL DISTRITO DE LA MOLINA/ PROVINCIA DE LIMA/ DEPARTAMENTO DE LIMA,DEPARTAMENTO LIMA,LIMA,LA MOLINA,8537298,IOARR,80,150114,
20230529,AMPLIACIÓN DE LOS SERVICIOS DE AGUA POTABLE Y ALCANTARILLADO PARA LAS NUEVAS HABILITACIONES Y REMANENTES DE LOS SECTORES 368 Y 369 - DISTRITO DE PUENTE PIEDRA/ PROVINCIA Y DEPARTAMENTO DE LIMA,DEPARTAMENTO LIMA,LIMA,PUENTE PIEDRA,42965000,FICHA TECNICA,0,150125,
20230529,AMPLIACIÓN MARGINAL DE LA EDIFICACIÓN U OBRA CIVIL CERCO PERIMÉTRICO DE LA PLANTA DE TRATAMIENTO DE AGUAS RESIDUALES DE ANCÓN-DISTRITO DE ANCÓN,DEPARTAMENTO LIMA,LIMA,ANCON,1437457,IOARR,30,150102,
20230529,MEJORAMIENTO Y AMPLIACIÓN DE LOS SERVICIOS DE AGUA POTABLE Y ALCANTARILLADO PARA LAS NUEVAS HABILITACIONES DE LOS SECTORES 185/ 426 Y 436 DEL DISTRITO DE CIENEGUILLA-PROVINCIA DE LIMA-DEPARTAMENTO DE,DEPARTAMENTO LIMA,LIMA,CIENEGUILLA,246180000,FICHA TECNICA,0,150109,
20230529,MEJORAMIENTO Y AMPLIACIÓN DE LOS SISTEMAS DE AGUA POTABLE Y ALCANTARILLADO DE LOS SECTORES 318 Y 323-5TO TERRITORIO-DISTRITO DE VILLA EL SALVADOR-PROVINCIA DE LIMA-DEPARTAMENTO DE LIMA-FASE 2,DEPARTAMENTO LIMA,LIMA,VILLA EL SALVADOR,21000000,EXPEDIENTE TECNICO,80,150142, 
20230529,AMPLIACIÓN DE LOS SERVICIOS DE AGUA POTABLE Y ALCANTARILLADO PARA LAS NUEVAS HABILITACIONES Y REMANENTES DEL SECTOR 203 DISTRITO DEL RÍMAC,DEPARTAMENTO LIMA,LIMA,RIMAC,1420000,FICHA TECNICA,0,150128,
20230529,AMPLIACIÓN Y MEJORAMIENTO DE LOS SERVICIOS DE AGUA POTABLE Y ALCANTARILLADO DEL DISTRITO DE PUNTA HERMOSA,DEPARTAMENTO LIMA,LIMA,PUNTA HERMOSA,182310000,PERFIL,0,150126,
20230529,RENOVACIÓN DEL COLECTOR PRIMARIO/ EN EL(LA) COLECTOR CORREGIDOR EN EL DISTRITO DE LA MOLINA/ PROVINCIA DE LIMA/ DEPARTAMENTO DE LIMA,DEPARTAMENTO LIMA,LIMA,LA MOLINA,18403004.31,IOARR,80,150114,
